Contact0,Contact1,Contact2,Contact3,Contact4,Contact5,Contact6,Contact7
-1.0,0.0,0.0,0.0,0.0,0.0,0.0,0.0
-2.0,0.0,0.0,0.0,0.0,0.0,0.0,0.0
-3.0,0.0,0.0,0.0,0.0,0.0,0.0,0.0
0.0,-1.0,0.0,0.0,0.0,0.0,0.0,0.0
0.0,-2.0,0.0,0.0,0.0,0.0,0.0,0.0
0.0,-3.0,0.0,0.0,0.0,0.0,0.0,0.0
0.0,0.0,-1.0,0.0,0.0,0.0,0.0,0.0
0.0,0.0,-2.0,0.0,0.0,0.0,0.0,0.0
0.0,0.0,-3.0,0.0,0.0,0.0,0.0,0.0
0.0,0.0,0.0,-1.0,0.0,0.0,0.0,0.0
0.0,0.0,0.0,-2.0,0.0,0.0,0.0,0.0
0.0,0.0,0.0,-3.0,0.0,0.0,0.0,0.0
0.0,0.0,0.0,0.0,-1.0,0.0,0.0,0.0
0.0,0.0,0.0,0.0,-2.0,0.0,0.0,0.0
0.0,0.0,0.0,0.0,-3.0,0.0,0.0,0.0
0.0,0.0,0.0,0.0,0.0,-1.0,0.0,0.0
0.0,0.0,0.0,0.0,0.0,-2.0,0.0,0.0
0.0,0.0,0.0,0.0,0.0,-3.0,0.0,0.0
0.0,0.0,0.0,0.0,0.0,0.0,-1.0,0.0
0.0,0.0,0.0,0.0,0.0,0.0,-2.0,0.0
0.0,0.0,0.0,0.0,0.0,0.0,-3.0,0.0
0.0,0.0,0.0,0.0,0.0,0.0,0.0,-1.0
0.0,0.0,0.0,0.0,0.0,0.0,0.0,-2.0
0.0,0.0,0.0,0.0,0.0,0.0,0.0,-3.0
1.0,0.0,0.0,0.0,0.0,0.0,0.0,0.0
2.0,0.0,0.0,0.0,0.0,0.0,0.0,0.0
3.0,0.0,0.0,0.0,0.0,0.0,0.0,0.0
0.0,1.0,0.0,0.0,0.0,0.0,0.0,0.0
0.0,2.0,0.0,0.0,0.0,0.0,0.0,0.0
0.0,3.0,0.0,0.0,0.0,0.0,0.0,0.0
0.0,0.0,1.0,0.0,0.0,0.0,0.0,0.0
0.0,0.0,2.0,0.0,0.0,0.0,0.0,0.0
0.0,0.0,3.0,0.0,0.0,0.0,0.0,0.0
0.0,0.0,0.0,1.0,0.0,0.0,0.0,0.0
0.0,0.0,0.0,2.0,0.0,0.0,0.0,0.0
0.0,0.0,0.0,3.0,0.0,0.0,0.0,0.0
0.0,0.0,0.0,0.0,1.0,0.0,0.0,0.0
0.0,0.0,0.0,0.0,2.0,0.0,0.0,0.0
0.0,0.0,0.0,0.0,3.0,0.0,0.0,0.0
0.0,0.0,0.0,0.0,0.0,1.0,0.0,0.0
0.0,0.0,0.0,0.0,0.0,2.0,0.0,0.0
0.0,0.0,0.0,0.0,0.0,3.0,0.0,0.0
0.0,0.0,0.0,0.0,0.0,0.0,1.0,0.0
0.0,0.0,0.0,0.0,0.0,0.0,2.0,0.0
0.0,0.0,0.0,0.0,0.0,0.0,3.0,0.0
0.0,0.0,0.0,0.0,0.0,0.0,0.0,1.0
0.0,0.0,0.0,0.0,0.0,0.0,0.0,2.0
0.0,0.0,0.0,0.0,0.0,0.0,0.0,3.0
-1.9479141834385185,0.0,0.0,0.0,0.0,0.0,0.8753228238538959,-3.6230340906939866
-2.2813729425091647,1.2989099144971465,-0.141024394921077,0.621064196768681,-0.45756122036912017,-1.1711710607252854,0.7122107722586133,0.5628974109337452
0.6249585498252683,0.3733880860662331,1.0101881319547674,0.34793962506115284,0.02382878490173379,0.48730356742088476,1.9440594950439585,1.6988439576928984
-0.38065228248739835,0.0,-0.36221456428879084,0.6900165459705367,-0.3599501556572118,-0.6626528913934517,0.0,0.0
-0.6920742694487099,0.32505800132799534,-1.740434527398918,0.5392188975499614,-0.9731580250059209,1.079814457655953,0.26404274660181537,-3.4867748907309757
-0.4253813190077067,0.5173049522957189,1.3951029419623397,0.965280759926634,-0.8058967581178469,1.3095609036200004,0.30478364436440586,1.3338542642663498
-0.06465162903923005,0.0,0.0,-0.48302005853745245,1.3745409087530276,0.0,0.0,0.0
-3.591008010292762,-1.155797847535121,1.5738785103695858,0.9113899085339918,-1.7002560909631983,0.9888950235028511,1.0232111047433161,-1.2138049041019512
2.8040790840180643,0.3377334363077753,-0.18873406906240375,0.5171514143397906,1.6499947960550476,-0.28913929194451526,0.012323390104469478,-1.124019567779218
2.429686916062275,0.9227267833345079,-1.2774475603338504,-0.2771445117392226,1.1170268076609013,0.09040881963864322,0.17935588375289147,1.5593277695939998
0.0,-0.9453474157778048,0.0,-0.4385823839584211,0.0,0.0,0.8275941605386143,0.8297573245923937
1.6407407349199419,1.8360992450264266,1.0671223439609503,1.6989438730422166,0.8632930208742846,-0.035887389437257555,-1.4766228496023333,-2.8004255720773044
-3.2063339615495092,0.8804462994067892,-1.7765883506117008,1.5788107885327598,1.9420747948506727,1.9524271186210305,0.22343473100992783,0.43183508576974017
0.0,0.0,-0.5452409120635946,0.0,-1.7429132365278295,-1.8796053814480993,0.0,-1.0424909111154501
3.156058236223098,1.8454787616385384,-1.2081432112751493,1.3916590824010866,-0.6930976028435931,-0.2455730322423062,-1.6165305094476674,-3.7072525627993396
1.4524278784734719,-1.9358630907856336,-1.6835396081973215,-0.0249758604988346,-1.004963598944875,-0.8452378790743778,-0.09267608854986609,-2.153378133127341
0.0,0.0,-1.3840924360443743,1.1328626243284292,1.8386115613465956,-1.83592157367044,0.0,3.7912626431183494
2.09371059433047,0.12222874290084196,0.3737296927363576,-0.3482831992653943,-0.7384283249113945,0.8455324019520729,0.11652351135327388,0.08701490122766842
0.2853658069713294,1.9163636879264367,1.2284394291848906,0.43890012600292705,1.8021912537670355,0.32164589882890215,0.47857317902227514,0.13270228389512706
0.0,0.0,-0.9756101100175258,0.0,-0.224029354396039,0.0,0.0,0.0
-3.9978760929702934,-0.34150469881761913,-1.10089492331588,-0.9211300005936909,-0.1385062729700921,-0.7273576190814934,1.3481911007677598,2.674628131879607
0.3389213254908272,-1.891403678855962,1.1936130472137148,0.9835047604803759,-0.6289411776214437,-1.0325405655875208,-1.2277479165985634,1.0864345666139794
-0.7886548179803565,0.7517358290201464,1.3832457042956627,0.06771251987265803,0.47365711271400235,0.39988554312900915,1.30152714947108,-0.20781447653194363
0.0,0.0,0.0,-0.7521753885800067,-0.8250149226358305,0.0,1.4018393486320249,0.0
1.417024324862334,-1.29180610918731,0.697797578701778,-1.339409649876415,1.267064129646963,0.7603808349261305,0.6785395603546411,1.8982671092337666
2.2358337122697964,1.903642052578403,0.9424348357809653,1.2260115343678906,0.7763688622606604,0.33824709085582993,-1.3213779471184437,-2.9175942886554123
-2.039536593671807,1.5431240144111742,-1.0380844232512225,-0.8299332759844662,-0.8743983738253247,0.23371427476249407,-0.175041836468516,-1.9924941230446342
-1.158258663042568,1.7928463073174616,0.0,0.0,0.5110535325354699,0.9074589714096901,0.0,2.937481423534294
1.0433052068812296,0.17501257053810226,1.6370658023692193,-1.1080922555047916,-0.06868684282020299,0.1121404279243099,-1.0572319363430744,-0.9373538461018898
1.211438064825308,-1.0975225198213951,0.2000346505348798,-0.20820175384405126,0.40102362786437507,-0.3880535569919168,0.7690082700949432,3.376766240363316
1.7874993797704253,0.2278734957658095,0.0,-0.5125209713132244,1.6262911684541947,1.2832522632278813,0.0,1.6910135350466007
-2.3869271995679453,-0.38243250109645843,-1.0676499635050267,0.37814158653549734,1.7063246712902713,-0.08125535829441266,-1.5573099694882049,1.3077313064967155
0.0,0.4749123943905209,0.11027480999907358,-0.9967517095204219,0.0,1.3395989417565404,-0.2648976649847623,2.0185655849016477
1.0994825733220779,0.9716372444082717,-0.6755438333039814,0.4290516615490292,0.5470469178691588,-1.7677374346371293,1.3615021953472852,-2.7105427066892256
-2.8743043446393206,0.02353409823308361,0.4321559009412681,-1.0406605929352373,-1.4361848784005562,1.2398341284964696,-0.3470536172642684,3.439980971696162
3.641566078971068,-0.13010176692224729,-0.9859166791080514,0.1521329602546042,-1.939471675371283,-0.9093239796822121,-0.558880405730594,-2.0806892827653014
1.7581289535477724,-0.9206692446256846,0.0,1.713821553365582,0.0,0.0,0.0,-0.001232187466156276
-0.9063654822833831,-1.1710570001939762,0.7677209549829684,0.24563110680012423,0.08080751529280983,-1.8461929505784482,-1.9765834958500974,2.4352587551307696
1.3035518679978448,-0.5053541791019638,-0.3010915190830705,-1.320883188135341,-0.8926168208441216,-0.5709476384071912,-0.9427274116311248,-1.5305326074410956
-3.5318684342616673,-0.4137202914794287,-0.01930323770457565,0.8662121262876985,0.6137601874572729,-0.923004714241171,-0.7694222818306331,0.9321574791636795
2.6766894397063226,1.0824497908135715,1.3346067989030423,-0.0004460806264374728,-0.5742376365687376,1.9118544417567715,-0.29248047873503746,0.0
0.030219424532436534,0.30324972872426104,0.2561842987317191,1.2944553342999017,-1.1085808756532924,0.5417602767454377,1.8238875281241014,-3.0850281773108703
-3.2714531563820795,0.6885877806196743,1.875499194324108,1.4129089388114529,-1.5882538795436776,0.590252502362913,-0.46208699762255656,1.8830698861693387
-1.8788199340640315,1.2288752738620063,-0.7017624483400315,0.793979480447478,1.850165548065895,-1.9300641402446095,-1.3575407986121855,2.581835020733216
0.0,0.0,0.0,-1.9974217219801131,-1.899397475907265,0.0,1.005911416240587,0.0
2.4999913132939353,-0.2535746354730788,1.1211861984306197,-1.6741341293060263,0.7364578526121552,-1.5976803245870423,-0.23129144331267515,-0.5748573910462715
0.0,-0.15001397232973757,0.3208136662593746,0.0,-1.53891862491226,-0.48935203252994564,-1.7644009073350673,-3.895600239268725
-2.5542767837865066,0.9992924388172044,0.8397185915240497,-1.7267182703417079,0.24620040925031894,1.7321577393912317,1.8806232911206862,0.25499366753316455
-0.9902010708178737,0.6760204229085094,-1.9580420130468796,-0.6308717709911682,-0.4952493817695369,1.7586369037799772,-0.5795995526562794,2.31279022936329
0.0,0.8694617095023554,0.0,0.0,-0.16954886305669592,1.861419539128622,0.0,-3.5150277195444497
-3.3004050131850824,-1.2188558795883027,-0.7512962303935578,0.7505822046211041,1.5498283692765096,-0.517298555988122,0.2813427481360349,0.9262567826540016
-2.611901251346567,-0.3149904188700119,-0.9296947086212035,1.2630140672263162,-1.2638574348959064,0.7182082478166318,-0.5185549612635707,0.16906404753472426
1.5601428216742264,0.0,0.0,-1.4940264862708812,0.0,0.0,1.5315461051860368,-0.08485504762561957
2.3545660733814717,-1.1117258139278605,1.2906533136407665,-1.6137765178899823,-1.6684113038625328,-0.7181807053693474,-1.289105150589264,0.3957477543768766
-3.628538754590026,-1.3379515915912905,1.7556934518083023,1.971608244799059,0.011806284462609007,-0.5319696679014148,1.1258420069633668,1.1813073668478244
0.8712549191017986,0.0,0.0,0.0,0.0,0.0,0.0,-1.419149985029783
1.9794032805022415,-1.8457587215854026,-1.568063035309409,1.4467088999946252,0.2887424456561978,-0.13373100938811966,0.641960852207998,3.313361025879929
1.1448745541902605,-1.0570667405301895,-1.9777480590969063,-0.8589694570065236,0.7065421898274584,-1.2192675122409584,1.6091483333689474,-0.44486014157473264
2.565281506365304,-1.2527483520178446,-0.891533121685903,1.6059913918578559,-1.4752987796777455,-1.5167376404270128,1.7649234086040604,-2.327234411432362
3.3627748056443405,0.0,0.22281752928710263,-0.810022539278084,-0.5265857469218542,-1.3699246921651707,-1.5491501139170405,0.0
-1.7957931745588485,0.08193492606326025,0.002397187067005202,0.10853347624998433,1.1503907988750606,-0.9995050887424535,0.49628593809303245,2.2576987381231657
1.8953983487156583,-1.7811461451740047,-0.2167252547244236,1.9200225696359086,-1.3293565737394788,0.5126695464340933,1.7885703484452447,-2.9856114790093202
0.0,0.0,0.6768954236831082,-1.4272133982711366,0.0,0.0,0.0,0.0
-1.674837228548249,-0.6262109845938693,-1.5938779500813998,-0.18549816735187785,1.7291975645331163,-0.6398702551368296,-1.5856739698838918,2.4652087297236127
1.8311000366547292,-0.059045076642841865,-0.6498960498815061,-1.2540984754193751,-1.913757509021833,0.6070136847464749,0.0937088949421927,-0.271964133483658
-2.9755748932082327,0.0,0.0,0.0,-1.4221969316405776,-1.1588414364497912,-1.3601306278314693,-0.8928438285341564
-0.5013350411169513,0.5762722407993452,-1.2418155648124705,1.0276496208086923,-1.3161232292692118,-0.20318299289643105,-1.8350737982510235,0.7306802890019704
-0.6224556618621233,0.847408961143544,-0.7873058441465131,-0.17257356072802832,1.9238225476486717,-0.5999365687424607,1.1942562695527732,3.530722520751639
0.7387057017722336,-0.08710072761927656,0.0,0.6849604364350763,-1.563895600817156,-1.63902619623551,-1.796385684251949,0.0
-0.33861778950996513,1.768801553401517,-0.7644104518792667,-0.12791166311884083,-0.2654997365447742,0.45874200394583164,0.7345070407808687,3.686770177364207
0.5384131897635962,-1.0052664910730964,-1.6767619353037557,0.28077306704254434,0.37759071070337047,-1.4279633855444631,0.4604440432659156,3.29380513791767
2.1893663439187057,1.2389979590523166,-1.8310515365127742,0.21383583110963844,1.7490532953629052,-0.8149602163301126,-1.8638978148327512,1.964101174380671
0.5647817038302909,0.0,0.0,-1.1593149822861215,-1.9742833995195366,0.0,1.2501389572082933,1.0183833628180903
3.6945030431763746,-1.5686312396877626,-1.3519143609723145,-0.2593981857940535,-0.4089684702471452,-0.40878860525677796,1.453841442240409,0.7975222004794862
0.7334983538786721,-1.4949695899951099,1.4587055684558603,-1.7474368968296914,0.5605483149599575,-1.1307326471466905,-1.1398111043738521,-1.7124176033256138
-2.6852301373583267,1.1354840778093087,-1.900971057387583,-0.7215337188490274,-1.0751356997129324,0.004222506724362862,0.9233214309762654,-1.2559942353340934
0.0,1.5614084798756886,0.9640230103690297,0.0,0.0,0.0,0.0,-3.3648334131244186
2.9674059422968178,0.44952344347451145,0.1709682037838447,-1.3672780088593885,-0.779224706428985,-1.552523776875027,-0.3728095294921365,-1.5903464498739615
0.3941734581487859,-0.5862645315671875,-0.6206976308086414,-0.8972266437261864,1.4125734861093293,-0.958536027319878,1.1435748414489022,-3.7934557485816347
-1.2990074878658135,-0.0005617741276964239,-0.04954470889033202,-1.8657378064123709,0.17129616580817064,1.6432263259920203,1.0968900740133023,1.4930197722559004
-1.447247873869494,0.0,0.0,1.5479898629895783,1.316722119550842,-0.43629109015993506,-0.1955832467462224,-2.766603125094027
-3.094169978269224,-1.3135487314517782,1.8184796704313828,0.13657575919188858,0.9079068279031626,1.5631585725106607,1.693548453489615,-3.1983238514371264
3.349493411469198,-0.8758573038861024,0.5004466274329418,-0.6613007145664271,0.07301401965084464,1.7797517756022079,-1.235213401114962,-2.468215067089106
3.2024768617936354,1.71198528374764,0.29966235848948397,-0.38388354808233327,-0.20473784694160613,0.2560605184734164,1.6342513338966849,-0.12781799773222557
-1.4159899970898429,0.413480231890726,0.3450205130859545,0.0,0.0,0.0,0.0,0.0
0.8533173836503085,1.172677626720592,0.8693972859168766,-0.07170100418281145,0.2082782924649318,1.5985511125165677,0.5548754212490006,2.599693366196872
0.9752049706222197,-1.7010567110593473,-1.1837131826079244,-1.960793056600678,-1.2092648763648801,1.4835707782243106,-0.05711482962805969,0.34303868042122865
0.15935018422921843,0.07221462933985556,0.8978306897410016,1.1731128390640015,-0.5489949379224417,0.9480007657454181,-0.6379674255737076,-0.8340069166757988
-1.9803266357591633,-0.2926273526132299,1.085307530907429,-0.6167498991625004,1.5733533591790714,-0.7767097939231238,-0.6901293279725111,2.874220477773247
-0.10679432185554605,-0.5466673334789904,1.7785449817671393,-1.8817415946114524,-0.6217109789608726,1.0398533768210703,0.1599977254306526,1.3935467730765678
0.0,0.0,-0.08449199383316697,0.0,0.0,0.0,-1.8887789471811807,2.998840504215284
-0.5820047993458823,-1.9634951501951912,-0.31823106553769787,0.8406079230671173,1.4241538205129451,-1.7984553827425906,1.4980879625617836,0.49031165769622653
-1.753492289983245,-1.4277727464944059,1.6879577520233724,0.4854116358445877,0.11878305874911765,1.9781689735347716,-0.0160075293062365,-0.6163215413870451
-2.4476666351767253,0.646917040840354,-1.9231240553246325,0.01775487549875443,-1.3710137366485267,0.0,0.0,-1.097837751486047
-3.466995735258462,1.602032809479554,-0.4294061301923029,-0.4097898320968265,-0.036629927925402095,0.6810249653559728,0.0655449031912001,-1.324767945425842
-1.0828236288522688,0.7576995864702902,-0.5665354366181374,-0.09078145317164199,1.0029053842110267,0.17997316051066692,-0.6642846623360175,-2.034002716730013
1.620812819053536,1.329041349611027,-1.4777923682021326,1.0870591780808954,0.0,0.0,-0.8333650156882022,3.6685765565669595
-0.2861443885454671,0.1838280659167637,1.9846094513692014,-0.5562402647421179,-1.7844807884039169,-1.2948312857140933,-1.6598997934074946,2.3704872882900965
3.6088121869595513,1.4609464840391344,-1.8418331045963685,-0.6951131346452248,1.0642578392947013,0.6436575947402599,-1.3935907848655376,-2.5363160565102216
3.849745014754391,0.7959988296530502,-1.4378772012368775,0.5665591500011979,1.245729545970061,-0.34789953661458584,1.0436982491101157,-1.6524679522143635
0.0,0.0,-0.45945737530964914,-1.2660577954897645,1.1911844166323973,0.0,-1.1816356248347732,0.0
0.0891388128649595,0.5864075969380513,-1.5424079460589772,-0.04961957106559556,1.444060123452568,0.1643163132608194,-1.44436483424666,2.66085232004846
3.6797588802260144,-0.3369800020908156,-1.586627696375218,-1.1185866604952515,-0.5890590286495989,0.38048976354841235,0.25835533322568294,-3.1041946000678475
3.886238372466683,1.2382801573517197,0.0,-1.537980848922322,0.0,-0.4330166389251544,0.0,-3.667045999902869
1.6755396576542747,0.0219367230334373,0.7735570808785712,0.4136150730030721,-0.1705933697019808,1.6419246121720965,-0.8187369778408256,-3.3219776573925115
2.352596984662055,0.5719880480886035,0.7619909624821961,1.2671379136025118,-1.4514175288691944,0.7779981975481713,1.5453443073144575,-3.04808416307469
-3.5399585741499884,1.7441550297751323,1.449096535107342,-0.9972096351663988,-0.5672711235519108,0.6886789910046041,-0.9868570172735938,2.9137289725373448
0.0,-0.15142206575287176,1.4830777961156585,0.0,-0.24075676577334226,-1.7162347655983687,0.0,1.8897504290431035
-1.7547514617367845,1.9065112344201962,0.7129907327634051,-0.9017104781857492,-0.8677754792392682,0.5497330619736296,-1.2546159201060574,-1.6328124968323792
3.7315701524570466,0.0,0.0,1.257375220031049,-0.35539312962871294,0.0,-1.5470009747764912,-1.5188188367135487
-1.618177482086371,-1.95424760769186,0.456171900072599,1.8831012340142679,-1.9722881614443248,1.3365771786347196,0.5773354987512875,-0.9769494555245677
2.7386996927398695,-0.029715830695382195,0.010774095547697371,1.6015253481690448,-1.668154653121959,-1.8975691876947232,-1.3423092457380337,-1.812300476757759
-1.3694012319230309,0.9322160787907117,-0.6786771087778853,0.2793978744654182,-1.3007563108129556,-1.5928830782775072,-0.2534604807153502,-0.0484527568641715
1.3390106293452417,0.0,-0.538654285527643,1.154397170923354,-0.8958322627549204,0.0,-0.5943734638015719,-2.071430987655936
0.17860773615887027,-1.1573912581332158,-1.092028865386109,-0.4935134184767711,-1.1829709045147219,-1.7669587007150254,-0.3933649590382551,-0.2751042057227773
1.9116923818203713,-1.3737693383864893,-1.392580834036846,-0.7345843669356218,0.3248643995734519,0.11609432732724656,1.8175602166944653,-1.7882685791982356
-0.42225402161199543,-1.7980616281118946,1.340706952827858,0.0,0.0,-1.8308386558975251,1.7919204321726472,0.0
-3.6565327942687667,0.6167937715234455,1.179473886998656,-0.27433946573650125,-1.3445063366391508,-0.8804006113398084,-0.2551311858109635,0.7670929268189184
3.591971365953598,-1.2856695449640516,0.5036345546825087,-1.1594302125987235,-0.2218635377842082,-1.3404696018341813,-0.0400753876461879,-0.303321506504278
-2.029826564942095,-0.2392643130394081,1.1159471510951229,1.2687851380081754,1.121415008463007,0.8144339484075447,-0.729433230853012,0.5726421252678326
-2.17139702261937,1.3631233165536707,0.18829460036197299,1.0872560612700792,0.1254336709234365,-0.6861278509473583,0.0,0.0
-1.3472865692393494,-1.386682690071845,0.782059665018362,0.47007499001864783,-1.6015357761158784,-1.6508561550662968,-0.9774951457361651,1.526661597091504
-3.065781578556292,1.9058696310407184,-0.7186781349326443,-1.4196283049732208,1.7324016374738092,1.7571620543755477,-0.35865567441141444,-1.3002717621635451
1.2598862366576151,0.4388860737467817,1.483494852043902,-0.5334691343356694,1.2211385569464643,1.2611754116617035,-1.9328872562136055,-1.6385768542650974
-1.767332441316376,-1.7474424848045937,1.3554960347488842,0.35496668526394126,-0.05322207102759835,0.0,0.9780503834612317,-3.161401759471363
-2.687647472767713,0.9615775100395183,-0.8917680686216909,-0.5864945136562851,1.9814453669906302,-0.3625753305145065,1.4009743030553738,2.28826637739488
0.0,0.3412673089522942,0.0,0.0,0.0,1.5918853596921414,0.0,0.0
-3.2787882061510976,0.20917502974322977,-0.617403611407064,0.45485718043721324,0.19148674042351654,1.2688081642097355,-1.1029465445519309,0.07465185592550938
-0.06427173390280316,-0.900799141928033,-0.7396216237799123,0.9343708122304579,0.542284374525877,0.17141745384086793,0.3945811899626115,0.45431200041075925
0.0,0.8319727425801942,0.0,0.0,0.0,0.0,-1.3254807195268512,0.0
-3.397772009587559,1.9389159296958822,0.3485695515035556,-0.45361541224145796,1.7469113767619855,-1.3959314375769116,-1.7153828557527273,2.6034740138353856
3.6273579788202372,0.7352016403971517,-0.8226655394177986,-1.3037659694564114,-1.067609459765332,-1.9211407975651733,1.5575150370585789,0.932324321318621
0.0,0.09956364780275173,-1.0122630074025647,1.9339324452047189,1.4366556966237303,0.0,0.0,0.0
-1.3819277071030749,1.6062072435566241,0.14503407958488435,-1.1531423161893901,-0.563913737345815,-0.3346768254641965,0.7820064534037918,-1.8198203158883342
3.595560095039944,0.21436528116262776,-0.8423402006772203,-1.5904128515352167,-0.01615050195770662,0.0,1.2994882935852177,-1.6188654956954425
2.826275270966871,-1.6921961034059434,0.46361208523879327,0.006782633088734613,0.2296021260382064,0.6917444510305493,-1.4940066581990945,1.3200977705054706
2.4420010088515838,0.6801753411579718,-1.6745543079724143,1.651271049150603,0.26074581680738307,-0.5212465360770255,1.3580911565929341,-3.309565192492662
-1.2187283710251426,1.7523229574164625,0.0,-1.126663001657764,0.0,0.0,-0.11393774101488585,0.0
0.3822845981909415,-0.7375078190426234,-0.16037083606427283,-1.4800373248609797,-0.5789273111192883,1.6054977930515855,-0.3595092904525532,-1.5443129220894658
0.09055316657694501,1.9030556040218638,0.4309099427941443,-0.8020983762130083,1.302912771565102,-0.9997961446730828,1.514104322514072,-0.42875379587258333
-2.9034565551018554,1.4904626068317808,-1.051038072628352,1.5656485009303895,0.0,0.0,0.0,2.9464719405968998
1.5930297388243417,0.4265976794696429,-0.2789606236319999,-0.5086795176197181,1.8441869802088147,-1.5826179996343317,0.020536853782600062,-0.8007716202592361
-1.109626371398888,1.254040490111171,1.8656472603319427,-1.5441694382760023,-1.2045652815797103,0.7994683427484865,0.759826979372848,-2.287075969590205
-0.8640857930363888,0.0,0.0,0.0,-0.2390701210320505,0.5618559810438413,0.0,0.0
0.9576709920008382,-1.1218238153481166,1.745874505905158,1.2516732650616818,0.041074353638939964,1.3202667840648163,0.9459340071564912,1.049100268597119
1.229937390425917,0.9298760357913509,-0.9064860776274735,-0.3700185262128275,-0.10972754356087489,0.4087500605603598,0.852537244694143,-3.1957151339110137
0.3189011878618677,0.08368084209577065,-0.29912026031120265,1.2447913372432402,1.2812623821032285,-0.254590352965288,-1.5961322037684598,-0.08438477274209166
1.9853887537138482,0.0,0.9855420092203291,0.0,0.0,0.6175206261657276,0.0,-0.4777755461800659
-2.532672557205869,-1.1705050580380858,-1.0909242192500752,0.567748332360476,1.1529752687890595,-1.3705368348470586,0.3039887949477049,3.8884051206788754
3.1184960693397956,-0.6232671397615785,-1.8690718589763482,0.8863076511248451,0.14497386709708726,0.014522058467924204,-0.19421631627265734,3.5215845775994152
2.247230765381767,1.6674635268913218,-0.7368207608114181,0.42105302255748134,1.6565466613404944,1.4342429867764444,-1.4590030755670078,-0.8849779024056907
-0.719897554865768,0.5147293764137015,0.0,0.0,-0.8615133823041496,-1.1438041646735,0.0,0.0
-3.3344772082099228,-0.3720875798216312,-1.7142900085118908,-0.0518220190510581,1.5645628568460448,-1.0312636614133872,-0.04341313398899338,1.3703948299567328
-1.050896797374743,-1.4185180392239811,0.29607845228663887,1.4998269273206493,0.14797758694768604,1.1589519076278862,-1.4452416201376872,-3.282600300822172
0.44849675417883095,-0.39859843557388963,0.5001358455701705,0.3788563320395393,-1.1380817805123935,-1.5780917596692907,1.7911047709543935,3.9903899626153407
0.20906175970732122,-1.0879119277488178,0.0,-0.16379393736099246,0.0,-1.538218186324395,0.0,0.0
-0.5014559430211225,-1.2402696460513183,-1.4861929770849764,-1.3570009506737444,1.8650931100187162,1.2878858224467122,-1.128397655621976,3.3089053563712456
-2.5573468419703937,0.53381387081801,-0.2019146887563248,0.21338155867537711,0.9468113021275499,-0.40518512116607,-1.5111646008571546,2.929554579482743
-2.2175322847221413,0.0,0.0,1.405767556160575,0.0,1.7287826627413803,-0.12764403645172395,-2.907505966962253
-2.2818321196232247,1.2409214271116795,1.6221435829574182,0.94100032033385,-1.4989140823095441,-1.9771604297803433,1.1752933172893099,-0.7533530394423424
-2.315788077141539,0.8393354769537296,-1.628241131694533,-1.6837084833530542,-1.4770242890864904,0.04366620207338068,1.1513639859253328,0.34600432690960314
-3.1989102441466564,0.5685554592724813,1.828259260054352,-0.9414709809337678,-0.2584629969055179,0.2654242351809497,0.3061110694885185,-2.7964865108218104
-3.2264622909523615,0.0,0.0,0.15425147307649345,0.0,1.7975321255272174,0.0,-2.565273647227797
2.577940342823333,0.25405044492888784,-1.6133470383102266,-0.07398040110241455,1.6313868426911653,-1.5831615503335854,-0.8724725957566113,3.165656425935075
1.1054858882646084,1.1326800228659288,-1.4057778392200415,1.5542034329738494,1.643506628940468,-0.551372841334425,-1.6849666986283252,-0.46071737824322145
-0.22580783732343512,-0.36406921122185887,-0.00328507964318403,1.5517010579633927,1.2571542576766217,0.19540176323340885,0.0836471131814025,3.191041417321335
-3.298977800461677,0.0,0.0,0.0,1.1800446505730733,-1.7710824924636035,1.0384872461504275,0.6846789429484881
2.579300767420224,-0.27996181454508795,-1.0183756399731396,-1.3852974731479324,0.9396916757472815,0.2657400695147256,0.044591296457574536,-2.5973274967814834
3.4684426386821343,0.4811193710219932,-1.8472356726885284,1.5850991411473516,-1.4164859227995996,-1.9070400822719984,1.6415941383503152,-0.2573982752228643
3.0152319474896636,0.0,-0.1281838794913135,0.763987574872572,-1.794170670458862,0.0,0.0,0.0019675167344992417
-1.559140244710961,0.22134259297981096,-1.218030870594466,-0.391589599112109,0.2651919519144714,1.5536019063255724,-0.8817581517255402,3.798162229150928
1.1375768795204433,0.7408161678683354,1.9048560592672903,1.0865724634463105,-0.32165731281608645,0.4677283555033589,1.83709841279143,-1.0216301111432156
-2.9173315740980827,-1.6589415016537457,0.22939381109821166,-0.24051499174940894,1.271957349361955,-0.06442144111236114,-0.7144464302679898,0.7201484181516564
0.0,-1.016161457976084,0.0,0.0,0.0,0.0,1.196848910461044,0.7868950697362918
0.5923391870156793,-1.6220370111670226,-0.8395794527392275,-1.7318701494331132,-1.4643697067689954,-0.18331195521367682,-1.387292280916049,2.772226143411099
0.5786136360762875,-0.9106625790720537,-1.1603650883858072,1.5053373129734275,-1.775571982430682,0.8550039603185766,-0.24137535736285054,-1.027298111432045
-0.28063711400556546,0.0,0.0,-0.7262270016647254,0.0,-1.8009714971156208,1.3415061147424217,1.4088313402188524
1.2287076612587606,0.9376046892500614,-0.15349030816419695,1.4145728231544181,-1.8794777570684968,-1.6825242760877583,1.999183175105835,-0.37247401486646403
-0.377801396984192,-0.5100244172566266,-0.9543404075487492,1.9058150506149634,1.3359031518097728,-0.9727479120007363,1.4496500903012168,2.2917117474031583
3.3779609009676266,-0.621600349043316,0.5758044652050565,-0.9401452117020406,-1.3270461314805693,-1.248013515021659,-1.6844698303575107,0.25708260773550773
3.6291108723904886,0.0,0.9435630760701907,-0.7002864692638218,-0.6016426556831993,0.9596453725882661,-1.4141260935384024,-1.412034394831922
-2.4058710346105654,0.42685972119061333,-0.11329308818901662,1.2819694138809883,-1.2098884708567477,0.28490969009353506,-0.4773979183924051,-1.715069571070667
0.04774086849620751,0.10788842264220166,0.4608524130951479,1.7674038125284803,0.031765803381473834,1.7009196642837985,1.2728370187819489,-3.5325291363919655
-0.15776646927866622,1.0713253695069773,-1.9378812040177857,-0.4475334782345839,-1.7613661735270507,-1.5073781924261809,-1.046989832808737,-1.015893222848593
0.0,-1.0253081474797465,-1.8839090985831928,0.0,0.0,0.2628993037641405,-0.9614330484450027,-2.225085779177543
1.0058101906608137,1.0813874964085537,0.20162791341261954,-1.7073255630333746,1.6042117615562028,0.12471198575995901,-1.6095332021509732,-2.886272145291116
2.575263316908022,0.0,-0.47091038052103285,0.0,0.0,0.0,0.13031540772290828,0.0
2.6408977592734164,-0.694605546573273,-1.9870680552401452,0.9594960677772111,-0.09854257096120511,-0.4857145554894844,0.8041058172333386,-0.8180169641506376
2.8797600833534327,-0.38751797056084536,-1.0861051974905402,0.9305859622706771,-0.4760520506440553,-1.2686653930634133,-0.018659691815207324,-0.45539054792330713
-2.1258613363444567,0.39706288977414017,-1.066778816685694,1.4727407517115831,0.4002409421306661,0.15044110345020156,0.04684602413687511,3.0965164269544347
-1.274232449814769,-1.5088411391526413,1.7215473188765928,-1.6920629807736383,0.0,-1.3678952777797,0.39483608121451486,0.24253990687461968
0.17312349660016846,1.6610466889780042,-0.7832244378857034,-1.220587086084406,-0.9279090885600758,-1.5724558672512008,-0.7667039256385659,1.5359713650035287
3.8414448970372987,0.21599541318928406,-0.4753372072865294,-0.23363541325226267,0.33120605272235704,0.24059285302521927,0.9151567202396804,0.5490399822935572
0.0,0.0,-0.6915425495344509,-0.49775441591406766,1.326395045466521,-0.9405573273888788,0.0,0.0
-0.5128138947722825,0.021684354834526687,0.06917346373447586,1.8137475341565619,-0.45899398191129315,1.9046756000034377,-1.761350545261704,-0.7313967256610665
-1.6506942782999863,-1.0185648348539695,1.3227922568508212,0.49140603924816784,-1.491147503152519,-1.2936687694253353,1.4228148854819054,3.5818592281879766
2.904702075976484,1.5409986040644852,-1.739844204685273,-1.3115406828732183,0.4990412020409143,1.859221070399557,-0.4515963910248648,-0.6444312801865699
0.0,0.0,0.7055905811378511,0.0,-1.5647647595159535,0.0,-0.5302665768799106,0.0
-0.9849942284665181,0.4490032501844423,1.7339702896953049,-0.2409379559038105,-1.0360004237161662,-0.4478627859056208,-0.20321122124705493,-2.458421247999601
2.8814549939594674,1.5496499797715173,-1.341567144817374,-1.5748501350470199,-1.5375638910660734,-0.39274982087976307,-1.4083166080902076,3.3847930698877207
3.838956180696968,-0.6790587675785584,-1.773971868528113,0.05117062906384229,0.950872093598254,1.6918744876867353,1.0242981543781786,-3.283171824591707
-1.481028097306659,-0.18326590743204774,1.8054629217098523,0.0,0.0,-1.1677253796202716,0.0,0.5407032832563861
1.841306666929401,-1.7854025866280554,-1.5420467260827442,0.19347992597708386,0.04687718808915564,0.5590700231708539,1.1792777393723828,-2.2815820165167597
3.997787736085927,1.602134287309028,-0.5399216598411534,-1.6849382398454926,-0.060628792565280865,1.1026958080450502,0.07241039935929727,-3.2324160871208765
2.028988231637391,-1.8985730597404742,-0.012468536413170472,-1.05946929462645,-1.252111080713885,0.0,0.0,-0.7323202856339144
0.9914445216855272,-0.15862078191708795,0.17693716956545114,-1.7582962844982508,0.8618513156341026,0.6501950538144006,1.4873877768977586,-3.557924556496813
